sample,trt,block,pot,days,no3,nh4,faa,tdn,doc,din,don,doc_don,don_din
15NSS_001,A,1,11,0,1.67,2.77,3.219,64.04,311.98,4.4399999999999995,59.60000000000001,5.234563758389261,13.423423423423428
15NSS_002,A,2,24,0,NA,NA,NA,61.81,298.39,NA,0,NA,NA
15NSS_003,A,3,30,0,1.64,3.92,1.335,63.48,302.28,5.56,57.919999999999995,5.218922651933702,10.417266187050359
15NSS_004,A,4,42,0,1.69,4.15,0.997,62.36,284.81,5.84,56.519999999999996,5.039101203113942,9.678082191780822
15NSS_005,A,5,53,0,1.69,3.7,1.577,66.82,289.97,5.390000000000001,61.42999999999999,4.720332085300343,11.39703153988868
15NSS_006,A,6,68,0,1.66,4.77,1.493,56.23,238.36,6.43,49.8,4.786345381526105,7.744945567651633
15NSS_007,B,1,9,0,1.64,3.59,1.432,65.71,234.35,5.2299999999999995,60.48,3.8748346560846563,11.564053537284895
15NSS_008,B,2,13,0,1.62,4.6,1.974,57.91,NA,6.22,51.69,NA,8.310289389067524
15NSS_009,B,3,28,0,1.65,3.72,1.435,63.48,244.05,5.37,58.11,4.199793495095509,10.82122905027933
15NSS_010,B,4,38,0,1.68,5.47,0.935,63.48,232.41,7.1499999999999995,56.33,4.125865435824605,7.8783216783216785
15NSS_011,B,5,58,0,1.62,3.19,5.637,61.25,307.18,4.8100000000000005,56.44,5.4425939050318926,11.733887733887732
15NSS_012,B,6,70,0,1.69,5.08,1.094,66.82,223.07,6.77,60.05,3.7147377185678603,8.870014771048744
15NSS_013,C,1,10,0,1.63,4.02,1.659,58.46,245.99,5.6499999999999995,52.81,4.658019314523765,9.346902654867257
15NSS_014,C,2,15,0,1.68,5,1.153,64.04,230.47,6.68,57.36000000000001,4.017956764295676,8.58682634730539
15NSS_015,C,3,32,0,1.64,4.55,1.404,59.02,251.82,6.1899999999999995,52.830000000000005,4.766609880749574,8.534733441033927
15NSS_016,C,4,40,0,1.68,4.82,1.501,66.27,282.87,6.5,59.769999999999996,4.732641793541911,9.195384615384615
15NSS_017,C,5,55,0,1.66,5.14,0.862,54,207.77,6.8,47.2,4.401906779661017,6.9411764705882355
15NSS_018,C,6,64,0,1.69,3.78,1.452,57.91,255.56,5.47,52.44,4.8733790999237225,9.586837294332724
15NSS_019,D,1,6,0,1.65,NA,1.9,70.72,269.28,NA,0,NA,NA
15NSS_020,D,2,22,0,1.67,3.75,0.894,66.82,286.75,5.42,61.39999999999999,4.670195439739414,11.32841328413284
15NSS_021,D,3,26,0,1.67,3.7,1.263,61.25,263.46,5.37,55.88,4.714745884037222,10.405959031657355
15NSS_022,D,4,43,0,1.66,2.69,0.921,58.46,263.46,4.35,54.11,4.868970615413047,12.439080459770116
15NSS_023,D,5,56,0,NA,NA,NA,NA,NA,NA,0,NA,NA
15NSS_024,D,6,62,0,1.71,4.72,0.919,64.59,213.51,6.43,58.160000000000004,3.6710797799174686,9.045101088646968
15NSS_025,E,1,2,0,1.61,3.05,2.69,65.71,298.39,4.66,61.05,4.887633087633088,13.100858369098711
15NSS_026,E,2,17,0,1.64,5.05,1.03,61.81,278.99,6.6899999999999995,55.120000000000005,5.061502177068214,8.239162929745891
15NSS_027,E,3,35,0,1.59,4,2.259,54.56,311.98,5.59,48.97,6.370839289360834,8.760286225402504
15NSS_028,E,4,41,0,1.65,5.83,1.104,65.15,249.87,7.48,57.67,4.332755332061731,7.709893048128342
15NSS_029,E,5,57,0,1.64,4.08,1.848,63.48,289.97,5.72,57.76,5.0202562326869815,10.097902097902098
15NSS_030,E,6,71,0,1.69,4.12,0.974,64.59,259.39,5.8100000000000005,58.78,4.412895542701599,10.117039586919104
15NSS_031,F,1,1,0,1.63,3.32,1.433,66.82,292.57,4.949999999999999,61.86999999999999,4.728786164538549,12.4989898989899
15NSS_032,F,2,14,0,1.63,4.8,1.219,54,242.11,6.43,47.57,5.08955223880597,7.398133748055988
15NSS_033,F,3,27,0,1.63,4.13,1.442,63.48,263.46,5.76,57.72,4.5644490644490645,10.020833333333334
15NSS_034,F,4,44,0,1.64,5.29,1.261,61.81,290.63,6.93,54.88,5.295736151603498,7.91919191919192
15NSS_035,F,5,54,0,NA,NA,NA,NA,NA,NA,0,NA,NA
15NSS_036,F,6,63,0,1.73,3.51,0.843,64.59,238.36,5.24,59.35,4.016175231676495,11.326335877862595
15NSS_037,G,1,7,0,NA,NA,NA,72.4,NA,NA,0,NA,NA
15NSS_038,G,2,23,0,NA,NA,NA,NA,NA,NA,0,NA,NA
15NSS_039,G,3,31,0,1.7,3.59,0.866,67.38,255.7,5.29,62.089999999999996,4.118215493638267,11.737240075614366
15NSS_040,G,4,39,0,NA,NA,NA,NA,NA,NA,0,NA,NA
15NSS_041,G,5,51,0,1.68,4.46,2.459,63.48,257.64,6.14,57.339999999999996,4.493198465294733,9.338762214983714
15NSS_042,G,6,61,0,1.66,3.49,1.746,66.27,330.12,5.15,61.12,5.401178010471204,11.867961165048543
15NSS_043,H,1,8,0,NA,NA,NA,NA,NA,NA,0,NA,NA
15NSS_044,H,2,19,0,1.68,4.9,1.074,70.72,265.4,6.58,64.14,4.137823511069535,9.74772036474164
15NSS_045,H,3,29,0,NA,NA,NA,76.3,371.51,NA,0,NA,NA
15NSS_046,H,4,47,0,1.69,4.14,1.102,67.94,282.87,5.83,62.11,4.554339075833199,10.653516295025728
15NSS_047,H,5,59,0,1.63,5.72,1.437,74.07,339.67,7.35,66.72,5.09097721822542,9.077551020408164
15NSS_048,H,6,65,0,NA,NA,NA,NA,NA,NA,0,NA,NA
15NSS_049,I,1,3,0,1.66,3.16,1.04,75.18,282.87,4.82,70.36000000000001,4.020324047754405,14.597510373443985
15NSS_050,I,2,20,0,1.73,4.24,1.75,74.63,253.76,5.970000000000001,68.66,3.6958928051267113,11.500837520938022
15NSS_051,I,3,25,0,NA,NA,NA,NA,NA,NA,0,NA,NA
15NSS_052,I,4,48,0,1.76,NA,NA,75.74,333.33,NA,0,NA,NA
15NSS_053,I,5,50,0,1.66,3.29,1.333,77.41,292.57,4.95,72.46,4.037675959149876,14.638383838383836
15NSS_054,I,6,72,0,NA,NA,NA,NA,NA,NA,0,NA,NA
15NSS_055,J,1,12,0,NA,NA,NA,NA,253.76,NA,0,NA,NA
15NSS_056,J,2,18,0,1.67,3.16,2.945,70.72,284.81,4.83,65.89,4.322507208984671,13.641821946169772
15NSS_057,J,3,36,0,NA,NA,NA,NA,NA,NA,0,NA,NA
15NSS_058,J,4,46,0,NA,NA,NA,NA,NA,NA,0,NA,NA
15NSS_059,J,5,60,0,1.7,3.44,2.491,74.07,270.86,5.14,68.92999999999999,3.9294936892499646,13.410505836575874
15NSS_060,J,6,69,0,1.69,2.95,0.91,62.92,267.03,4.640000000000001,58.28,4.581846259437199,12.560344827586206
15NSS_061,K,1,5,0,1.72,4.49,0.891,80.76,213,6.21,74.55000000000001,2.8571428571428568,12.004830917874399
15NSS_062,K,2,21,0,NA,NA,NA,NA,NA,NA,0,NA,NA
15NSS_063,K,3,33,0,1.7,2.52,2.63,65.71,317.8,4.22,61.489999999999995,5.168320052040983,14.571090047393364
15NSS_064,K,4,37,0,NA,NA,NA,NA,NA,NA,0,NA,NA
15NSS_065,K,5,52,0,NA,NA,NA,NA,NA,NA,0,NA,NA
15NSS_066,K,6,66,0,1.68,4.05,1.566,69.61,261.3,5.7299999999999995,63.88,4.090482154038823,11.148342059336825
15NSS_067,L,1,4,0,1.75,0.25,0.135,65.71,119.65,2,63.709999999999994,1.8780411238424113,31.854999999999997
15NSS_068,L,2,16,0,1.75,0.32,0.208,55.68,139.06,2.07,53.61,2.5939190449542995,25.898550724637683
15NSS_069,L,3,34,0,1.72,0.35,0.205,55.12,156.33,2.07,53.05,2.9468426013195104,25.6280193236715
15NSS_070,L,4,45,0,1.74,0.35,0.153,65.15,137.7,2.09,63.06,2.1836346336822072,30.172248803827756
15NSS_071,L,5,49,0,1.74,0.38,0.21,56.79,146.24,2.12,54.67,2.6749588439729286,25.787735849056602
15NSS_072,L,6,67,0,1.77,0.12,0.139,57.35,122.52,1.8900000000000001,55.46,2.2091597547782182,29.34391534391534
15NSS_073,A,1,11,7,104.03,0.19,0.178,106.18,177.88,104.22,1.960000000000008,90.75510204081596,0.018806371137977434
15NSS_074,A,2,24,7,112.44,0.16,0.194,172.28,194.39,112.6,59.68000000000001,3.2572050938337798,0.5300177619893429
15NSS_075,A,3,30,7,97.31,0.51,0.621,105.02,203.95,97.82000000000001,7.199999999999989,28.326388888888932,0.0736045798405233
15NSS_076,A,4,42,7,136.64,0.21,0.238,136.33,156.02,136.85,0,NA,0
15NSS_077,A,5,53,7,78.48,0.27,0.301,87.04,202.04,78.75,8.290000000000006,24.371531966224346,0.10526984126984135
15NSS_078,A,6,68,7,94.28,0.13,0.169,87.62,173.84,94.41,0,NA,0
15NSS_079,B,1,9,7,117.48,0.15,0.163,128.21,149.17,117.63000000000001,10.579999999999998,14.099243856332704,0.08994304174105243
15NSS_080,B,2,13,7,103.36,0.21,0.254,101.54,139.8,103.57,0,NA,0
15NSS_081,B,3,28,7,80.5,0.15,0.194,87.04,148.27,80.65,6.390000000000001,23.203442879499217,0.07923124612523248
15NSS_082,B,4,38,7,140.34,0.15,0.169,81.82,148.21,140.49,0,NA,0
15NSS_083,B,5,58,7,74.78,0.26,0.262,78.92,197.96,75.04,3.8799999999999955,51.020618556701095,0.05170575692963746
15NSS_084,B,6,70,7,104.03,0.25,0.252,95.74,135.05,104.28,0,NA,0
15NSS_085,C,1,10,7,110.76,0.19,0.213,136.33,151.35,110.95,25.38000000000001,5.963356973995269,0.2287516899504282
15NSS_086,C,2,15,7,93.27,0.14,0.199,96.32,155.87,93.41,2.9099999999999966,53.563573883161574,0.031152981479498947
15NSS_087,C,3,32,7,74.78,0.14,0.135,79.5,139.12,74.92,4.579999999999998,30.375545851528397,0.06113187399893217
15NSS_088,C,4,40,7,113.11,0.14,0.167,105.02,160.24,113.25,0,NA,0
15NSS_089,C,5,55,7,91.59,0.16,0.181,94.58,152.89,91.75,2.8299999999999983,54.024734982332184,0.030844686648501343
15NSS_090,C,6,64,7,144.71,0.18,0.219,136.91,168.13,144.89000000000001,0,NA,0
15NSS_091,D,1,6,7,119.16,0.14,0.175,128.69,161.63,119.3,9.39,17.212992545260914,0.07870913663034368
15NSS_092,D,2,22,7,165.32,0.14,0.164,187.36,184.21,165.45999999999998,21.900000000000034,8.411415525114142,0.13235827390305838
15NSS_093,D,3,26,7,139,0.14,0.172,153.73,167.11,139.14,14.590000000000003,11.453735435229607,0.10485841598390114
15NSS_094,D,4,43,7,121.52,0.14,0.171,111.4,162.54,121.66,0,NA,0
15NSS_095,D,5,56,7,169.38,0.16,0.172,192,137.3,169.54,22.460000000000008,6.113089937666961,0.1324761118320161
15NSS_096,D,6,62,7,113.11,0.14,0.136,109.66,149.42,113.25,0,NA,0
15NSS_097,E,1,2,7,132.95,0.21,0.238,151.54,168.42,133.16,18.379999999999995,9.163220892274213,0.13802943826975064
15NSS_098,E,2,17,7,101.34,0.14,0.182,117.77,195.24,101.48,16.289999999999992,11.985267034990798,0.1605242412297989
15NSS_099,E,3,35,7,67.05,0.3,0.262,73.71,157.9,67.35,6.359999999999999,24.827044025157235,0.09443207126948774
15NSS_100,E,4,41,7,87.89,0.14,0.162,91.1,164.1,88.03,3.069999999999993,53.45276872964181,0.03487447461092801
15NSS_101,E,5,57,7,158.67,0.28,0.256,183.3,184.51,158.95,24.350000000000023,7.577412731006152,0.15319282793331251
15NSS_102,E,6,71,7,132.61,0.15,0.177,131.69,171.6,132.76000000000002,0,NA,0
15NSS_103,F,1,1,7,97.98,0.16,0.21,120.33,196.16,98.14,22.189999999999998,8.840018026137901,0.22610556348074176
15NSS_104,F,2,14,7,133.96,0.16,0.179,146.19,141.97,134.12,12.069999999999993,11.762220381110197,0.089994035192365
15NSS_105,F,3,27,7,82.18,0.25,0.293,90.52,158.83,82.43,8.08999999999999,19.632880098887544,0.0981438796554651
15NSS_106,F,4,44,7,62,0.13,0.164,65.01,196.3,62.13,2.8800000000000026,68.15972222222217,0.046354418155480484
15NSS_107,F,5,54,7,139,0.18,0.218,182.72,181.76,139.18,43.53999999999999,4.174552135966928,0.31283230349188096
15NSS_108,F,6,63,7,163.1,0.16,0.204,169.96,186.74,163.26,6.700000000000017,27.871641791044706,0.041038833762097375
15NSS_109,G,1,7,7,126.22,0.14,0.16,144.29,162.61,126.36,17.929999999999993,9.069157836029007,0.1418961696739474
15NSS_110,G,2,23,7,133.96,0.13,0.149,158.36,160.82,134.09,24.27000000000001,6.626287597857434,0.1809978372734731
15NSS_111,G,3,31,7,139.33,0.14,0.146,131.11,161.02,139.47,0,NA,0
15NSS_112,G,4,39,7,159.04,0.14,0.172,152.57,164.98,159.17999999999998,0,NA,0
15NSS_113,G,5,51,7,101.01,0.15,0.171,105.6,162.58,101.16000000000001,4.4399999999999835,36.61711711711725,0.043890865954922725
15NSS_114,G,6,61,7,74.78,0.14,0.185,78.92,215.42,74.92,4,53.855,0.05339028296849973
15NSS_115,H,1,8,7,107.39,0.15,0.168,110.85,155.29,107.54,3.309999999999988,46.91540785498506,0.030779244932118168
15NSS_116,H,2,19,7,113.45,0.13,0.172,121.83,185.4,113.58,8.25,22.472727272727273,0.07263602746962494
15NSS_117,H,3,29,7,110.08,0.14,0.207,118.35,194.39,110.22,8.129999999999995,23.910209102091034,0.07376156777354378
15NSS_118,H,4,47,7,108.07,0.18,0.267,114.3,190.57,108.25,6.049999999999997,31.49917355371902,0.05588914549653577
15NSS_119,H,5,59,7,126.56,0.14,0.192,120.67,232.62,126.7,0,NA,0
15NSS_120,H,6,65,7,127.23,0.27,0.309,174.6,181.4,127.5,47.099999999999994,3.8513800424628455,0.36941176470588233
15NSS_121,I,1,3,7,56.62,0.14,0.13,58.46,131.2,56.76,1.7000000000000028,77.17647058823516,0.029950669485553257
15NSS_122,I,2,20,7,130.93,0.13,0.146,157.78,150.21,131.06,26.72,5.621631736526947,0.2038760872882649
15NSS_123,I,3,25,7,186.74,0.18,0.206,243.02,158.09,186.92000000000002,56.099999999999994,2.818003565062389,0.3001283971752621
15NSS_124,I,4,48,7,134.96,0.17,0.203,134.59,198.22,135.13,0,NA,0
15NSS_125,I,5,50,7,140.01,0.14,0.187,151.41,192.48,140.14999999999998,11.26000000000002,17.094138543516845,0.08034249018908328
15NSS_126,I,6,72,7,69.74,0.14,0.123,83.56,107.73,69.88,13.680000000000007,7.8749999999999964,0.19576416714367498
15NSS_127,J,1,12,7,192.28,0.17,0.162,179.24,150.58,192.45,0,NA,0
15NSS_128,J,2,18,7,80.5,0.14,0.152,109.66,137.74,80.64,29.019999999999996,4.746381805651276,0.3598710317460317
15NSS_129,J,3,36,7,198.93,0.25,0.229,198.95,148.61,199.18,0,NA,0
15NSS_130,J,4,46,7,147.4,0.15,0.178,164.16,160.77,147.55,16.609999999999985,9.679108970499708,0.11257200948830894
15NSS_131,J,5,60,7,167.91,0.15,0.197,169.96,202.04,168.06,1.9000000000000057,106.33684210526283,0.011305486135903877
15NSS_132,J,6,69,7,136.98,0.14,0.154,133.43,146.56,137.11999999999998,0,NA,0
15NSS_133,K,1,5,7,130.26,0.14,0.165,144.85,155.88,130.39999999999998,14.450000000000017,10.787543252595142,0.11081288343558297
15NSS_134,K,2,21,7,137.99,0.19,0.194,176.34,164.72,138.18,38.16,4.316561844863732,0.27616152844116365
15NSS_135,K,3,33,7,138.66,0.29,0.301,149.09,164.01,138.95,10.140000000000015,16.174556213017727,0.07297589060813253
15NSS_136,K,4,37,7,127.23,0.17,0.209,132.85,158.61,127.4,5.449999999999989,29.102752293578046,0.04277864992150697
15NSS_137,K,5,52,7,142.02,0.15,0.182,154.31,192.48,142.17000000000002,12.139999999999986,15.855024711696887,0.08539072940845456
15NSS_138,K,6,66,7,133.28,0.13,0.151,128.79,154.95,133.41,0,NA,0
15NSS_139,L,1,4,7,78.82,0.13,0.138,86.33,175.15,78.94999999999999,7.38000000000001,23.733062330623277,0.09347688410386334
15NSS_140,L,2,16,7,138.66,0.13,0.114,159.52,117.01,138.79,20.730000000000018,5.644476603955615,0.14936234599034526
15NSS_141,L,3,34,7,85.54,0.13,0.095,81.82,112.58,85.67,0,NA,0
15NSS_142,L,4,45,7,74.11,0.15,0.148,94,182.25,74.26,19.739999999999995,9.232522796352585,0.2658227848101265
15NSS_143,L,5,49,7,99.66,0.13,0.1,92.84,105.6,99.78999999999999,0,NA,0
15NSS_144,L,6,67,7,86.88,0.13,0.123,106.76,159.58,87.00999999999999,19.750000000000014,8.079999999999995,0.22698540397655462
15NSS_145,A,1,11,14,151.28,0.13,0.156,185.4,150.8,151.41,33.99000000000001,4.436598999705795,0.2244897959183674
15NSS_146,A,2,24,14,217.03,0.13,0.179,244.48,183.99,217.16,27.319999999999993,6.7346266471449505,0.12580585743230793
15NSS_147,A,3,30,14,86.64,0.13,0.191,103.22,169.27,86.77,16.450000000000003,10.28996960486322,0.1895816526449234
15NSS_148,A,4,42,14,140.57,0.14,0.153,166.38,116.57,140.70999999999998,25.670000000000016,4.541098558628747,0.1824319522422004
15NSS_149,A,5,53,14,53.47,0.13,0.174,74.02,185.15,53.6,20.419999999999995,9.067091087169445,0.38097014925373124
15NSS_150,A,6,68,14,95.88,0.19,0.201,124.28,164.16,96.07,28.210000000000008,5.819213045019495,0.293640054127199
15NSS_151,B,1,9,14,137.25,0.13,0.135,160.27,153.86,137.38,22.890000000000015,6.721712538226296,0.16661813946717147
15NSS_152,B,2,13,14,89.23,0.13,0.115,95.75,101.33,89.36,6.390000000000001,15.857589984350547,0.07150850492390332
15NSS_153,B,3,28,14,47.22,0.13,0.142,60.44,138.12,47.35,13.089999999999996,10.55156608097785,0.2764519535374867
15NSS_154,B,4,38,14,50.64,0.13,0.127,65.19,113.92,50.77,14.419999999999995,7.900138696255204,0.28402599960606645
15NSS_155,B,5,58,14,49.6,0.12,0.191,71.99,187.26,49.72,22.269999999999996,8.408621463852718,0.44790828640386154
15NSS_156,B,6,70,14,76.67,0.13,0.121,76.21,122.29,76.8,0,NA,0
15NSS_157,C,1,10,14,95.88,0.13,0.133,119.52,144.35,96.00999999999999,23.510000000000005,6.1399404508719675,0.2448703260077076
15NSS_158,C,2,15,14,114.35,0.13,0.157,133.78,167.09,114.47999999999999,19.30000000000001,8.65751295336787,0.16858839972047532
15NSS_159,C,3,32,14,115.45,0.13,0.123,122.24,110.21,115.58,6.659999999999997,16.548048048048056,0.05762242602526386
15NSS_160,C,4,40,14,127.27,0.13,0.162,156.19,143.52,127.39999999999999,28.790000000000006,4.985064258423063,0.22598116169544746
15NSS_161,C,5,55,14,90.71,0.13,0.126,111.37,129.12,90.83999999999999,20.530000000000015,6.289332683877248,0.22600176133861755
15NSS_162,C,6,64,14,183.42,0.13,0.194,230.89,203.95,183.54999999999998,47.34,4.308196028728347,0.25791337510215206
15NSS_163,D,1,6,14,117.67,0.13,0.146,131.07,170.16,117.8,13.269999999999996,12.822908816880185,0.1126485568760611
15NSS_164,D,2,22,14,132.45,0.13,0.124,146.69,171.59,132.57999999999998,14.110000000000014,12.160878809355056,0.1064263086438378
15NSS_165,D,3,26,14,130.6,0.13,0.162,156.19,130.63,130.73,25.460000000000008,5.130793401413981,0.1947525434100819
15NSS_166,D,4,43,14,123.21,0.13,0.13,136.5,122.12,123.33999999999999,13.16000000000001,9.279635258358656,0.10669693530079465
15NSS_167,D,5,56,14,239.93,0.13,0.137,299.48,131.95,240.06,59.420000000000016,2.2206327835745534,0.24752145297009087
15NSS_168,D,6,62,14,107.7,0.15,0.125,135.14,108.18,107.85000000000001,27.289999999999978,3.9640894100403115,0.2530366249420489
15NSS_169,E,1,2,14,107.33,0.13,0.135,124.73,106.64,107.46,17.27000000000001,6.174869716270987,0.1607109622185
15NSS_170,E,2,17,14,127.27,0.13,0.157,152.8,172.61,127.39999999999999,25.40000000000002,6.795669291338578,0.19937205651491383
15NSS_171,E,3,35,14,37.85,0.13,0.149,44.82,130.14,37.980000000000004,6.839999999999996,19.026315789473692,0.1800947867298577
15NSS_172,E,4,41,14,85.9,0.13,0.137,105.26,111,86.03,19.230000000000004,5.772230889235568,0.2235266767406719
15NSS_173,E,5,57,14,157.19,0.13,0.125,203.73,185.6,157.32,46.41,3.9991381167851756,0.2950038138825324
15NSS_174,E,6,71,14,170.86,0.13,0.159,154.48,163.29,170.99,0,NA,0
15NSS_175,F,1,1,14,70.13,0.13,0.128,96.32,138.14,70.25999999999999,26.060000000000002,5.3008442056792004,0.3709080557927698
15NSS_176,F,2,14,14,148.33,0.13,0.165,179.96,130.7,148.46,31.5,4.149206349206349,0.21217836454263775
15NSS_177,F,3,27,14,106.96,0.15,0.183,126.99,133.39,107.11,19.879999999999995,6.709758551307848,0.18560358509943045
15NSS_178,F,4,44,14,60.02,0.13,0.15,74.7,126.69,60.150000000000006,14.549999999999997,8.707216494845362,0.24189526184538646
15NSS_179,F,5,54,14,246.58,0.13,0.15,325.29,153.42,246.71,78.58000000000001,1.9524051921608547,0.3185116128247741
15NSS_180,F,6,63,14,188.96,0.13,0.16,237.69,180.29,189.09,48.599999999999994,3.7096707818930046,0.2570204664445502
15NSS_181,G,1,7,14,124.32,0.13,0.147,140.57,157.47,124.44999999999999,16.120000000000005,9.768610421836225,0.12952993169947774
15NSS_182,G,2,23,14,249.91,0.13,0.199,294.05,286.15,250.04,44.01000000000002,6.50193137923199,0.17601183810590315
15NSS_183,G,3,31,14,247.32,0.13,0.183,262.81,198.22,247.45,15.360000000000014,12.904947916666655,0.062073146090119276
15NSS_184,G,4,39,14,283.3,0.13,0.212,334.32,224.98,283.43,50.889999999999986,4.420907840440166,0.17955050629785127
15NSS_185,G,5,51,14,108.07,0.13,0.121,130.39,134.46,108.19999999999999,22.189999999999998,6.059486255069852,0.20508317929759703
15NSS_186,G,6,61,14,41.42,0.14,0.127,58.4,128.89,41.56,16.839999999999996,7.653800475059383,0.4051973051010586
15NSS_187,H,1,8,14,193.39,0.23,0.225,229.54,173.73,193.61999999999998,35.920000000000016,4.836581291759463,0.18551802499741774
15NSS_188,H,2,19,14,139.09,0.13,0.144,156.87,136.68,139.22,17.650000000000006,7.743909348441925,0.1267777618158311
15NSS_189,H,3,29,14,171.23,0.13,0.203,194.22,155.7,171.35999999999999,22.860000000000014,6.811023622047239,0.1334033613445379
15NSS_190,H,4,47,14,59.42,0.16,0.211,76.74,149.83,59.58,17.159999999999997,8.731351981351985,0.28801611278952666
15NSS_191,H,5,59,14,114.72,0.13,0.175,143.29,182.72,114.85,28.439999999999998,6.424753867791843,0.247627340008707
15NSS_192,H,6,65,14,396.06,0.28,0.628,487.41,398.93,396.34,91.07000000000005,4.380476556495002,0.2297774637937126
15NSS_193,I,1,3,14,94.77,0.13,0.141,98.47,141.86,94.89999999999999,3.5700000000000074,39.73669467787107,0.037618545837724005
15NSS_194,I,2,20,14,180.83,0.13,0.136,196.94,141.49,180.96,15.97999999999999,8.854192740926164,0.08830680813439427
15NSS_195,I,3,25,14,266.9,0.13,0.169,310.35,182.68,267.03,43.32000000000005,4.216989843028619,0.1622289630378611
15NSS_196,I,4,48,14,221.1,0.13,0.225,288.62,166.67,221.23,67.39000000000001,2.473215610624721,0.30461510645030065
15NSS_197,I,5,50,14,125.43,0.13,0.143,143.29,117.85,125.56,17.72999999999999,6.646926113931194,0.141207390888818
15NSS_198,I,6,72,14,114.72,0.13,0.146,117.65,110.24,114.85,2.8000000000000114,39.37142857142841,0.02437962559860698
15NSS_199,J,1,12,14,441.93,0.16,0.234,474.43,276.59,442.09000000000003,32.339999999999975,8.552566481137916,0.07315252550385662
15NSS_200,J,2,18,14,115.45,0.13,0.133,131.75,126.79,115.58,16.17,7.841063698206555,0.13990309742169926
15NSS_201,J,3,36,14,325.35,0.15,0.198,337.78,207.77,325.5,12.279999999999973,16.919381107491894,0.03772657450076797
15NSS_202,J,4,46,14,173.82,0.13,0.149,203.05,148.19,173.95,29.100000000000023,5.0924398625429514,0.16728945099166442
15NSS_203,J,5,60,14,236.61,0.13,0.188,302.2,194.39,236.74,65.45999999999998,2.969599755575925,0.27650587142012323
15NSS_204,J,6,69,14,201.52,0.13,0.131,203.6,115.53,201.65,1.9499999999999886,59.24615384615419,0.009670220679394935
15NSS_205,K,1,5,14,114.35,0.14,0.151,120.88,137.24,114.49,6.390000000000001,21.477308294209703,0.05581273473665823
15NSS_206,K,2,21,14,401.79,0.17,0.283,446.76,284.24,401.96000000000004,44.799999999999955,6.344642857142864,0.11145387600756282
15NSS_207,K,3,33,14,206.32,0.15,0.147,219.35,119.81,206.47,12.879999999999995,9.302018633540376,0.06238194410810285
15NSS_208,K,4,37,14,272.81,0.14,0.219,357.89,215.42,272.95,84.94,2.5361431598775606,0.311192526103682
15NSS_209,K,5,52,14,181.2,0.13,0.151,222.75,164.58,181.32999999999998,41.420000000000016,3.973442781265088,0.22842331660508475
15NSS_210,K,6,66,14,143.9,0.18,0.201,181.32,142.63,144.08,37.23999999999998,3.830021482277123,0.2584675180455301
15NSS_211,L,1,4,14,91.81,0.13,0.129,101.87,166.56,91.94,9.930000000000007,16.773413897280957,0.10800522079617149
15NSS_212,L,2,16,14,97.72,0.13,0.099,125.63,99.81,97.85,27.78,3.5928725701943844,0.283903934593766
15NSS_213,L,3,34,14,64.93,0.13,0.144,76.74,135.25,65.06,11.679999999999993,11.57962328767124,0.1795265908392252
15NSS_214,L,4,45,14,116.19,0.13,0.108,137.18,121.69,116.32,20.860000000000014,5.833652924256947,0.17933287482806065
15NSS_215,L,5,49,14,42.61,0.14,0.208,48.9,87.28,42.75,6.149999999999999,14.19186991869919,0.143859649122807
15NSS_216,L,6,67,14,96.99,0.14,0.126,115.45,123.12,97.13,18.320000000000007,6.7205240174672465,0.18861319880572439
15NSS_217,A,1,11,21,138.36,0.14,0.115,122.25,131.04,138.5,0,NA,0
15NSS_218,A,2,24,21,116.71,0.14,0.139,108.95,180.05,116.85,0,NA,0
15NSS_219,A,3,30,21,32,0.14,0.136,36.81,174.78,32.14,4.670000000000002,37.426124197002125,0.1453018046048538
15NSS_220,A,4,42,21,112.41,0.14,0.091,101.79,96.66,112.55,0,NA,0
15NSS_221,A,5,53,21,19.39,0.14,0.093,24.54,113.36,19.53,5.009999999999998,22.626746506986038,0.2565284178187403
15NSS_222,A,6,68,21,38.3,0.24,0.135,35.7,80.64,38.54,0,NA,0
15NSS_223,B,1,9,21,136.14,0.14,0.121,124.81,135.53,136.27999999999997,0,NA,0
15NSS_224,B,2,13,21,44.15,0.14,0.079,45.51,73.13,44.29,1.2199999999999989,59.942622950819725,0.027545721381801735
15NSS_225,B,3,28,21,79.46,0.14,0.098,69.56,117.89,79.6,0,NA,0
15NSS_226,B,4,38,21,53.15,0.14,0.094,55.74,104.52,53.29,2.450000000000003,42.66122448979587,0.04597485456933764
15NSS_227,B,5,58,21,31.1,0.14,0.102,38.86,116.31,31.240000000000002,7.6199999999999974,15.26377952755906,0.2439180537772086
15NSS_228,B,6,70,21,81.61,0.14,0.08,70.72,83.49,81.75,0,NA,0
15NSS_229,C,1,10,21,94.77,0.14,0.117,83.88,135.21,94.91,0,NA,0
15NSS_230,C,2,15,21,66.21,0.15,0.115,65.46,120.24,66.36,0,NA,0
15NSS_231,C,3,32,21,68.31,0.15,0.108,74.67,117.89,68.46000000000001,6.209999999999994,18.9838969404187,0.09070990359333908
15NSS_232,C,4,40,21,102.38,0.14,0.119,95.14,143.82,102.52,0,NA,0
15NSS_233,C,5,55,21,26.75,0.14,0.08,29.65,85.26,26.89,2.759999999999998,30.89130434782611,0.10264038676087757
15NSS_234,C,6,64,21,46.25,0.14,0.107,49.53,113.36,46.39,3.1400000000000006,36.101910828025474,0.06768700150894591
15NSS_235,D,1,6,21,58.56,0.14,0.093,57.28,121.45,58.7,0,NA,0
15NSS_236,D,2,22,21,104.37,0.14,0.138,96.16,179.9,104.51,0,NA,0
15NSS_237,D,3,26,21,55.25,0.14,0.085,52.16,107.36,55.39,0,NA,0
15NSS_238,D,4,43,21,68.46,0.14,0.093,70.07,94.69,68.6,1.4699999999999989,64.4149659863946,0.021428571428571415
15NSS_239,D,5,56,21,194.78,0.14,0.126,194.39,135.96,194.92,0,NA,0
15NSS_240,D,6,62,21,93.79,0.14,0.088,91.04,88.8,93.93,0,NA,0
15NSS_241,E,1,2,21,38.75,0.14,0.064,37.33,66,38.89,0,NA,0
15NSS_242,E,2,17,21,86.64,0.14,0.12,82.35,152.93,86.78,0,NA,0
15NSS_243,E,3,35,21,24.64,0.14,0.109,27.61,119.26,24.78,2.8299999999999983,42.141342756183775,0.11420500403551244
15NSS_244,E,4,41,21,80.89,0.14,0.112,76.72,132.03,81.03,0,NA,0
15NSS_245,E,5,57,21,281.39,0.14,0.179,275.73,196.88,281.53,0,NA,0
15NSS_246,E,6,71,21,66.36,0.14,0.137,64.67,99.6,66.5,0,NA,0
15NSS_247,F,1,1,21,30.95,0.14,0.09,35.68,98.08,31.09,4.59,21.3681917211329,0.1476358957864265
15NSS_248,F,2,14,21,155.72,0.14,0.171,140.16,161.69,155.85999999999999,0,NA,0
15NSS_249,F,3,27,21,76.95,0.15,0.215,67,130.54,77.10000000000001,0,NA,0
15NSS_250,F,4,44,21,20.74,0.14,0.075,22.49,83.39,20.88,1.6099999999999994,51.79503105590064,0.07710727969348656
15NSS_251,F,5,54,21,62.46,0.14,0.105,60.86,103.54,62.6,0,NA,0
15NSS_252,F,6,63,21,122.79,0.14,0.129,125.21,170.35,122.93,2.279999999999987,74.71491228070218,0.018547140649149814
15NSS_253,G,1,7,21,118.78,0.14,0.115,103.32,133.88,118.92,0,NA,0
15NSS_254,G,2,23,21,119.52,0.14,0.141,116.11,171.62,119.66,0,NA,0
15NSS_255,G,3,31,21,152.52,0.14,0.115,138.62,157.92,152.66,0,NA,0
15NSS_256,G,4,39,21,229.16,0.14,0.136,213.32,146.77,229.29999999999998,0,NA,0
15NSS_257,G,5,51,21,57.21,0.14,0.086,53.19,95.67,57.35,0,NA,0
15NSS_258,G,6,61,21,56,0.15,0.121,65.46,164.46,56.15,9.309999999999995,17.664876476906564,0.1658058771148708
15NSS_259,H,1,8,21,138.36,0.14,0.154,138.11,167.71,138.5,0,NA,0
15NSS_260,H,2,19,21,59.01,0.14,0.103,62.39,121.06,59.15,3.240000000000002,37.364197530864175,0.05477599323753173
15NSS_261,H,3,29,21,102.02,0.14,0.146,84.39,174.78,102.16,0,NA,0
15NSS_262,H,4,47,21,11.44,0.14,0.08,13.28,78.97,11.58,1.6999999999999993,46.45294117647061,0.14680483592400684
15NSS_263,H,5,59,21,6.49,0.14,0.126,14.3,118.27,6.63,7.670000000000001,15.419817470664926,1.1568627450980393
15NSS_264,H,6,65,21,342.55,0.15,0.23,386.91,229.32,342.7,44.210000000000036,5.187061750735124,0.12900496060694497
15NSS_265,I,1,3,21,30.35,0.14,0.074,29.14,81.94,30.490000000000002,0,NA,0
15NSS_266,I,2,20,21,113.61,0.14,0.109,97.69,137.91,113.75,0,NA,0
15NSS_267,I,3,25,21,287.12,0.14,0.15,287.5,181.73,287.26,0.2400000000000091,757.2083333333046,8.354800529137684e-4
15NSS_268,I,4,48,21,165.77,0.14,0.113,144.25,112.38,165.91,0,NA,0
15NSS_269,I,5,50,21,94.86,0.14,0.096,86.95,107.47,95,0,NA,0
15NSS_270,I,6,72,21,300.5,0.22,0.24,333.65,192.95,300.72,32.92999999999995,5.8593987245672725,0.10950385740888517
15NSS_271,J,1,12,21,310.06,0.14,0.168,316.15,179.9,310.2,5.949999999999989,30.23529411764712,0.01918117343649255
15NSS_272,J,2,18,21,80.36,0.14,0.077,70.07,82.12,80.5,0,NA,0
15NSS_273,J,3,36,21,234.53,0.14,0.136,222.53,136.94,234.67,0,NA,0
15NSS_274,J,4,46,21,34.85,0.14,0.077,36.81,81.82,34.99,1.8200000000000003,44.95604395604394,0.052014861388968284
15NSS_275,J,5,60,21,149.66,0.14,0.158,144.25,190,149.79999999999998,0,NA,0
15NSS_276,J,6,69,21,136.4,0.14,0.095,124.35,92.73,136.54,0,NA,0
15NSS_277,K,1,5,21,38.15,0.14,0.089,39.37,95.21,38.29,1.0799999999999983,88.15740740740755,0.028205797858448636
15NSS_278,K,2,21,21,192.65,0.14,0.127,175.97,150.55,192.79,0,NA,0
15NSS_279,K,3,33,21,247.78,0.15,0.115,226.11,131.59,247.93,0,NA,0
15NSS_280,K,4,37,21,121.72,0.14,0.118,109.97,120.24,121.86,0,NA,0
15NSS_281,K,5,52,21,139.63,0.14,0.133,133,160.53,139.76999999999998,0,NA,0
15NSS_282,K,6,66,21,172.22,0.14,0.124,172.35,130.07,172.35999999999999,0,NA,0
15NSS_283,L,1,4,21,72.51,0.14,0.171,74.67,159.44,72.65,2.019999999999996,78.93069306930708,0.027804542326221555
15NSS_284,L,2,16,21,131.71,0.15,0.094,121.23,101.85,131.86,0,NA,0
15NSS_285,L,3,34,21,15.79,0.14,0.08,21.15,121.06,15.93,5.219999999999999,23.19157088122606,0.32768361581920896
15NSS_286,L,4,45,21,60.96,0.14,0.081,62.39,97.64,61.1,1.2899999999999991,75.68992248062021,0.021112929623567908
15NSS_287,L,5,49,21,44.75,0.14,0.066,16.83,68.75,44.89,0,NA,0
15NSS_288,L,6,67,21,107.4,0.14,0.102,103.59,112.38,107.54,0,NA,0
15NSS_289,A,1,11,28,26.6,0.12,0.138,30.94,178.11,26.720000000000002,4.219999999999999,42.20616113744077,0.1579341317365269
15NSS_290,A,2,24,28,8.38,0.12,0.093,7.59,112.81,8.5,0,NA,0
15NSS_291,A,3,30,28,1.62,0.11,0.146,6.29,187.82,1.7300000000000002,4.56,41.188596491228076,2.635838150289017
15NSS_292,A,4,42,28,24.94,0.11,0.083,29.63,87.01,25.05,4.579999999999998,18.997816593886473,0.18283433133732527
15NSS_293,A,5,53,28,0.65,0.12,0.119,11.98,153.02,0.77,11.21,13.650312221231044,14.55844155844156
15NSS_294,A,6,68,28,29.08,0.12,0.105,35.97,100.62,29.2,6.77,14.862629246676516,0.23184931506849313
15NSS_295,B,1,9,28,86.27,0.11,0.149,86.72,190.46,86.38,0.3400000000000034,560.1764705882297,0.003936096318592306
15NSS_296,B,2,13,28,22.52,0.11,0.125,22.72,132.22,22.63,0.08999999999999986,1469.1111111111134,0.003977021652673436
15NSS_297,B,3,28,28,41.92,0.11,0.104,43.48,112.81,42.03,1.4499999999999957,77.80000000000022,0.03449916726147979
15NSS_298,B,4,38,28,5.48,0.11,0.132,11.91,161.94,5.590000000000001,6.319999999999999,25.62341772151899,1.130590339892665
15NSS_299,B,5,58,28,1.76,0.11,0.199,16.05,187.58,1.87,14.18,13.22849083215797,7.582887700534759
15NSS_300,B,6,70,28,34.33,0.12,0.129,49.54,127.19,34.449999999999996,15.090000000000003,8.428760768721006,0.4380261248185778
15NSS_301,C,1,10,28,22.74,0.11,0.155,26.61,188.7,22.849999999999998,3.7600000000000016,50.18617021276594,0.16455142231947492
15NSS_302,C,2,15,28,46.75,0.11,0.119,47.37,131.34,46.86,0.509999999999998,257.5294117647069,0.010883482714468588
15NSS_303,C,3,32,28,29.64,0.11,0.099,27.48,104.87,29.75,0,NA,0
15NSS_304,C,4,40,28,15.14,0.11,0.171,30.08,194.97,15.25,14.829999999999998,13.146999325691167,0.9724590163934426
15NSS_305,C,5,55,28,2.72,0.11,0.101,10.17,93.52,2.83,7.34,12.741144414168938,2.5936395759717312
15NSS_306,C,6,64,28,14.04,0.11,0.09,20.58,95.58,14.149999999999999,6.43,14.864696734059098,0.4544169611307421
15NSS_307,D,1,6,28,28.81,0.11,0.083,27.91,88.99,28.919999999999998,0,NA,0
15NSS_308,D,2,22,28,92,0.11,0.141,94.51,194.55,92.11,2.4000000000000057,81.06249999999982,0.026055802844425206
15NSS_309,D,3,26,28,47.58,0.12,0.115,51.26,121.64,47.699999999999996,3.5600000000000023,34.16853932584267,0.07463312368972752
15NSS_310,D,4,43,28,18.87,0.12,0.093,23.3,94.81,18.990000000000002,4.309999999999999,21.997679814385158,0.22696155871511312
15NSS_311,D,5,56,28,186.9,0.11,0.163,193.45,133.66,187.01000000000002,6.439999999999969,20.754658385093265,0.03443666114111528
15NSS_312,D,6,62,28,19.15,0.11,0.092,27.37,85.51,19.259999999999998,8.110000000000003,10.543773119605422,0.42107995846313623
15NSS_313,E,1,2,28,94.86,0.11,0.143,94.08,161.34,94.97,0,NA,0
15NSS_314,E,2,17,28,24.25,0.12,0.165,31.8,196.38,24.37,7.43,26.430686406460296,0.30488305293393514
15NSS_315,E,3,35,28,0.52,0.11,0.117,7.59,139.42,0.63,6.96,20.031609195402297,11.047619047619047
15NSS_316,E,4,41,28,2.17,0.12,0.162,17.41,223.83,2.29,15.120000000000001,14.803571428571429,6.602620087336245
15NSS_317,E,5,57,28,228.45,0.11,0.16,241.42,195.22,228.56,12.859999999999985,15.180404354587887,0.05626531326566322
15NSS_318,E,6,71,28,45.23,0.12,0.107,51.81,116.95,45.349999999999994,6.460000000000008,18.103715170278615,0.1424476295479605
15NSS_319,F,1,1,28,3.57,0.11,0.116,3.26,120.75,3.6799999999999997,0,NA,0
15NSS_320,F,2,14,28,131.03,0.11,0.186,125.21,212.85,131.14000000000001,0,NA,0
15NSS_321,F,3,27,28,24.12,0.12,0.1,24.45,113.69,24.240000000000002,0.2099999999999973,541.3809523809593,0.008663366336633551
15NSS_322,F,4,44,28,14.59,0.11,0.074,14.24,81.08,14.7,0,NA,0
15NSS_323,F,5,54,28,3.69,0.11,0.145,11.08,89.07,3.8,7.28,12.234890109890108,1.9157894736842107
15NSS_324,F,6,63,28,24.39,0.11,0.143,37.32,176.54,24.5,12.82,13.770670826833072,0.523265306122449
15NSS_325,G,1,7,28,103.46,0.11,0.152,101.86,176.34,103.57,0,NA,0
15NSS_326,G,2,23,28,98.08,0.11,0.126,96.67,143.7,98.19,0,NA,0
15NSS_327,G,3,31,28,8.8,0.11,0.084,7.15,92.52,8.91,0,NA,0
15NSS_328,G,4,39,28,233.82,0.11,0.164,231.6,197.62,233.93,0,NA,0
15NSS_329,G,5,51,28,10.18,0.12,0.089,16.96,91.18,10.299999999999999,6.660000000000002,13.690690690690687,0.646601941747573
15NSS_330,G,6,61,28,48.66,0.12,0.172,64.48,229.32,48.779999999999994,15.70000000000001,14.606369426751582,0.32185321853218557
15NSS_331,H,1,8,28,47.02,0.11,0.16,53.43,171.93,47.13,6.299999999999997,27.290476190476205,0.13367281985996174
15NSS_332,H,2,19,28,39.3,0.11,0.142,40.88,165.76,39.41,1.470000000000006,112.7619047619043,0.037300177619893585
15NSS_333,H,3,29,28,15.7,0.11,0.18,22.29,214.68,15.809999999999999,6.48,33.129629629629626,0.40986717267552186
15NSS_334,H,4,47,28,6.73,0.23,0.129,12.89,85.45,6.960000000000001,5.93,14.409780775716696,0.8520114942528734
15NSS_335,H,5,59,28,2.03,0.12,0.162,16.51,203.7,2.15,14.360000000000001,14.185236768802227,6.679069767441861
15NSS_336,H,6,65,28,182.6,0.11,0.147,178.52,125.9,182.71,0,NA,0
15NSS_337,I,1,3,28,15.14,0.11,0.111,14.94,127.81,15.25,0,NA,0
15NSS_338,I,2,20,28,13.63,0.11,0.122,17.1,160.46,13.74,3.360000000000001,47.755952380952365,0.24454148471615728
15NSS_339,I,3,25,28,91.64,0.12,0.143,91.91,154.28,91.76,0.14999999999999147,1028.5333333333917,0.0016346992153442837
15NSS_340,I,4,48,28,73.01,0.12,0.124,76.24,131.04,73.13000000000001,3.109999999999985,42.135048231511455,0.042527006700396344
15NSS_341,I,5,50,28,50.2,0.12,0.118,65.38,125.17,50.32,15.059999999999995,8.311420982735726,0.2992845786963433
15NSS_342,I,6,72,28,43.86,0.12,0.131,175.35,119.6,43.98,131.37,0.9104057242901727,2.9870395634379268
15NSS_343,J,1,12,28,93.79,0.11,0.112,90.18,133.11,93.9,0,NA,0
15NSS_344,J,2,18,28,46.33,0.11,0.091,46.51,87.22,46.44,0.07000000000000028,1245.999999999995,0.0015073212747631413
15NSS_345,J,3,36,28,44.13,0.12,0.096,46.51,107.79,44.25,2.259999999999998,47.69469026548677,0.05107344632768357
15NSS_346,J,4,46,28,3.69,0.12,0.077,11.08,94.41,3.81,7.27,12.986244841815681,1.9081364829396323
15NSS_347,J,5,60,28,39.71,0.12,0.12,53.62,143.45,39.83,13.79,10.402465554749819,0.3462214411247803
15NSS_348,J,6,69,28,67.86,0.12,0.147,76.24,109.77,67.98,8.259999999999991,13.28934624697338,0.1215063253898204
15NSS_349,K,1,5,28,34.05,0.11,0.139,39.59,174.58,34.16,5.430000000000007,32.151012891344344,0.15895784543325547
15NSS_350,K,2,21,28,73.94,0.12,0.119,79.37,133.99,74.06,5.310000000000002,25.233521657250463,0.07169862273832031
15NSS_351,K,3,33,28,121.36,0.11,0.125,111.81,107.52,121.47,0,NA,0
15NSS_352,K,4,37,28,37.56,0.12,0.105,37.43,107.7,37.68,0,NA,0
15NSS_353,K,5,52,28,55.03,0.12,0.142,71.72,155.98,55.15,16.57,9.413397706698852,0.300453309156845
15NSS_354,K,6,66,28,18.04,0.12,0.148,30.08,159.11,18.16,11.919999999999998,13.34815436241611,0.6563876651982378
15NSS_355,L,1,4,28,4.24,0.12,0.122,6.72,163.11,4.36,2.3599999999999994,69.11440677966104,0.5412844036697246
15NSS_356,L,2,16,28,63.45,0.11,0.102,65.53,114.58,63.56,1.9699999999999989,58.16243654822338,0.030994336060415337
15NSS_357,L,3,34,28,2.86,0.11,0.098,5.86,156.05,2.9699999999999998,2.8900000000000006,53.99653979238754,0.9730639730639733
15NSS_358,L,4,45,28,7.69,0.12,0.106,19.68,177.73,7.8100000000000005,11.87,14.973041280539174,1.5198463508322662
15NSS_359,L,5,49,28,0,0.12,0.069,5.19,69.94,0.12,5.07,13.794871794871794,42.25000000000001
15NSS_360,L,6,67,28,15.14,0.12,0.094,20.58,110.88,15.26,5.3199999999999985,20.8421052631579,0.3486238532110091
15NSS_361,A,1,11,35,0.78,0.11,0.213,37.45,486.36,0.89,36.56,13.303063457330415,41.07865168539326
15NSS_362,A,2,24,35,0.3,0.1,0.107,9.74,142.31,0.4,9.34,15.23661670235546,23.349999999999998
15NSS_363,A,3,30,35,0.14,0.1,0.087,4.97,102.67,0.24000000000000002,4.7299999999999995,21.706131078224104,19.70833333333333
15NSS_364,A,4,42,35,0.38,0.1,0.104,10.22,156.19,0.48,9.74,16.035934291581107,20.291666666666668
15NSS_365,A,5,53,35,0.3,0.1,0.134,13.57,201.87,0.4,13.17,15.328018223234624,32.925
15NSS_366,A,6,68,35,0.66,0.1,0.137,8.16,126.88,0.76,7.4,17.145945945945943,9.736842105263158
15NSS_367,B,1,9,35,0.98,0.11,0.157,17.87,245.8,1.09,16.78,14.648390941597139,15.394495412844037
15NSS_368,B,2,13,35,0.58,0.1,0.198,26.47,298.75,0.6799999999999999,25.79,11.583947266382319,37.9264705882353
15NSS_369,B,3,28,35,0.34,0.1,0.107,8.79,137.36,0.44000000000000006,8.35,16.450299401197608,18.977272727272723
15NSS_370,B,4,38,35,0.22,0.1,0.131,12.13,192.85,0.32,11.81,16.329381879762913,36.90625
15NSS_371,B,5,58,35,0.5,0.1,0.171,19.78,275.5,0.6,19.18,14.363920750782064,31.96666666666667
15NSS_372,B,6,70,35,0.62,0.11,0.123,15.54,232.76,0.73,14.809999999999999,15.716407832545578,20.28767123287671
15NSS_373,C,1,10,35,0.34,0.11,0.163,18.82,254.95,0.45,18.37,13.878606423516603,40.82222222222222
15NSS_374,C,2,15,35,0.74,0.45,0.086,7.36,104.66,1.19,6.17,16.962722852512155,5.184873949579832
15NSS_375,C,3,32,35,0.62,0.1,0.194,28.85,403.54,0.72,28.130000000000003,14.345538570920725,39.06944444444445
15NSS_376,C,4,40,35,1.01,0.11,0.195,15,203.7,1.12,13.879999999999999,14.675792507204612,12.39285714285714
15NSS_377,C,5,55,35,0.14,0.1,0.08,5.45,113.57,0.24000000000000002,5.21,21.79846449136276,21.708333333333332
15NSS_378,C,6,64,35,0.42,0.1,0.074,4.23,73.41,0.52,3.7100000000000004,19.78706199460916,7.134615384615385
15NSS_379,D,1,6,35,0.42,0.1,0.152,16.91,246.14,0.52,16.39,15.017693715680291,31.51923076923077
15NSS_380,D,2,22,35,0.66,0.1,0.082,5.45,90.78,0.76,4.69,19.356076759061832,6.171052631578948
15NSS_381,D,3,26,35,0.34,0.1,0.066,4.49,79.19,0.44000000000000006,4.05,19.553086419753086,9.204545454545453
15NSS_382,D,4,43,35,0.62,0.1,0.078,4.58,60.65,0.72,3.8600000000000003,15.71243523316062,5.361111111111112
15NSS_383,D,5,56,35,10.72,0.1,0.134,22.17,177.99,10.82,11.350000000000001,15.681938325991188,1.0489833641404807
15NSS_384,D,6,62,35,0.86,0.1,0.066,5.21,89.23,0.96,4.25,20.99529411764706,4.427083333333334
15NSS_385,E,1,2,35,1.65,0.1,0.161,21.21,272.52,1.75,19.46,14.00411099691675,11.120000000000001
15NSS_386,E,2,17,35,0.5,0.1,0.097,7.83,129.43,0.6,7.23,17.90179806362379,12.05
15NSS_387,E,3,35,35,0.22,0.1,0.104,8.79,139.34,0.32,8.469999999999999,16.451003541912634,26.468749999999996
15NSS_388,E,4,41,35,0.3,0.1,0.083,6.88,130.42,0.4,6.4799999999999995,20.126543209876544,16.2
15NSS_389,E,5,57,35,4.86,0.1,0.172,21.21,214.68,4.96,16.25,13.211076923076924,3.276209677419355
15NSS_390,E,6,71,35,0.82,0.1,0.088,7.67,123,0.9199999999999999,6.75,18.22222222222222,7.336956521739131
15NSS_391,F,1,1,35,0.3,0.1,0.11,10.22,154.21,0.4,9.82,15.703665987780042,24.55
15NSS_392,F,2,14,35,2.44,0.1,0.246,30.29,354.91,2.54,27.75,12.78954954954955,10.9251968503937
15NSS_393,F,3,27,35,0.3,0.1,0.12,10.7,158.17,0.4,10.299999999999999,15.356310679611651,25.749999999999996
15NSS_394,F,4,44,35,0.26,0.1,0.052,2.58,59.56,0.36,2.22,26.82882882882883,6.166666666666668
15NSS_395,F,5,54,35,0.22,0.1,0.062,3.53,62.24,0.32,3.21,19.389408099688474,10.03125
15NSS_396,F,6,63,35,1.53,0.1,0.107,9.15,133.67,1.6300000000000001,7.5200000000000005,17.775265957446805,4.613496932515337
15NSS_397,G,1,7,35,0.98,0.1,0.171,19.78,271.97,1.08,18.700000000000003,14.543850267379678,17.314814814814817
15NSS_398,G,2,23,35,1.25,0.1,0.07,6.4,90.78,1.35,5.050000000000001,17.976237623762373,3.740740740740741
15NSS_399,G,3,31,35,0.5,0.1,0.07,5.45,86.12,0.6,4.8500000000000005,17.756701030927832,8.083333333333334
15NSS_400,G,4,39,35,12.15,0.1,0.111,21.21,165.11,12.25,8.96,18.427455357142858,0.7314285714285715
15NSS_401,G,5,51,35,0.38,0.1,0.09,7.36,120.51,0.48,6.880000000000001,17.515988372093023,14.333333333333336
15NSS_402,G,6,61,35,0.94,0.1,0.229,34.22,528.94,1.04,33.18,15.941531042796868,31.903846153846153
15NSS_403,H,1,8,35,1.73,0.1,0.143,7.83,96.73,1.83,6,16.121666666666666,3.278688524590164
15NSS_404,H,2,19,35,0.58,0.1,0.168,14.52,224.25,0.6799999999999999,13.84,16.203034682080926,20.35294117647059
15NSS_405,H,3,29,35,0.62,0.1,0.093,4.97,96.73,0.72,4.25,22.76,5.902777777777778
15NSS_406,H,4,47,35,0.34,0.1,0.114,5.45,116.55,0.44000000000000006,5.01,23.263473053892216,11.386363636363635
15NSS_407,H,5,59,35,0.58,0.11,0.147,12.13,212.23,0.69,11.440000000000001,18.551573426573423,16.57971014492754
15NSS_408,H,6,65,35,1.23,0.1,0.13,35.21,137.55,1.33,33.88,4.059917355371901,25.473684210526315
15NSS_409,I,1,3,35,0.66,0.1,0.105,8.79,140.33,0.76,8.03,17.475716064757165,10.565789473684209
15NSS_410,I,2,20,35,0.42,0.1,0.073,4.49,86.22,0.52,3.97,21.717884130982366,7.634615384615385
15NSS_411,I,3,25,35,2.04,0.1,0.094,8.81,109.61,2.14,6.67,16.43328335832084,3.116822429906542
15NSS_412,I,4,48,35,2.44,0.1,0.066,5.45,77.9,2.54,2.91,26.769759450171822,1.1456692913385826
15NSS_413,I,5,50,35,0.94,0.1,0.153,10.7,177.99,1.04,9.66,18.425465838509318,9.288461538461538
15NSS_414,I,6,72,35,0.94,0.11,0.111,9.64,144.35,1.05,8.59,16.80442374854482,8.18095238095238
15NSS_415,J,1,12,35,1.01,0.1,0.105,9.27,129.43,1.11,8.16,15.861519607843137,7.351351351351351
15NSS_416,J,2,18,35,0.82,0.1,0.092,9.27,129.43,0.9199999999999999,8.35,15.500598802395212,9.07608695652174
15NSS_417,J,3,36,35,0.94,0.1,0.084,7.36,107.63,1.04,6.32,17.03006329113924,6.076923076923077
15NSS_418,J,4,46,35,0.22,0.1,0.049,3.06,76.71,0.32,2.74,27.9963503649635,8.5625
15NSS_419,J,5,60,35,0.78,0.1,0.105,11.27,149.2,0.88,10.389999999999999,14.359961501443696,11.80681818181818
15NSS_420,J,6,69,35,1.89,0.1,0.133,12.59,152.11,1.99,10.6,14.350000000000001,5.326633165829145
15NSS_421,K,1,5,35,0.94,0.1,0.124,13.09,180.96,1.04,12.05,15.017427385892116,11.586538461538462
15NSS_422,K,2,21,35,3.15,0.11,0.135,15.48,177,3.26,12.22,14.48445171849427,3.748466257668712
15NSS_423,K,3,33,35,0.9,0.1,0.108,11.18,163.12,1,10.18,16.023575638506877,10.18
15NSS_424,K,4,37,35,1.05,0.1,0.05,3.7,49.06,1.1500000000000001,2.55,19.239215686274513,2.2173913043478257
15NSS_425,K,5,52,35,9.89,0.1,0.147,17.39,114.57,9.99,7.4,15.48243243243243,0.7407407407407408
15NSS_426,K,6,66,35,0.74,0.11,0.065,4.23,74.57,0.85,3.3800000000000003,22.06213017751479,3.9764705882352946
15NSS_427,L,1,4,35,0.38,0.1,0.16,21.21,330.46,0.48,20.73,15.94114809454896,43.1875
15NSS_428,L,2,16,35,0.58,0.1,0.096,7.83,126.46,0.6799999999999999,7.15,17.686713286713285,10.514705882352942
15NSS_429,L,3,34,35,0.22,0.1,0.073,6.75,113.57,0.32,6.43,17.662519440124417,20.09375
15NSS_430,L,4,45,35,0.42,0.1,0.086,7.83,167.09,0.52,7.3100000000000005,22.857729138166892,14.057692307692308
15NSS_431,L,5,49,35,0.22,0.1,0.046,1.15,45.59,0.32,0.8299999999999998,54.92771084337351,2.5937499999999996
15NSS_432,L,6,67,35,0.42,0.1,0.082,6.69,118.14,0.52,6.17,19.147487844408428,11.865384615384615
15NSS_433,A,1,11,42,0.08,0.13,0.087,9.89,133.69,0.21000000000000002,9.68,13.810950413223141,46.09523809523809
15NSS_434,A,2,24,42,0.08,0.13,0.07,3.6,61.32,0.21000000000000002,3.39,18.088495575221238,16.142857142857142
15NSS_435,A,3,30,42,0.08,0.12,0.039,2.91,59.24,0.2,2.71,21.85977859778598,13.549999999999999
15NSS_436,A,4,42,42,0.08,0.13,0.092,7.93,121.74,0.21000000000000002,7.72,15.76943005181347,36.76190476190476
15NSS_437,A,5,53,42,0.08,0.12,0.056,4.98,65.69,0.2,4.78,13.742677824267782,23.9
15NSS_438,A,6,68,42,0.08,0.12,0.053,4.59,75.22,0.2,4.39,17.134396355353076,21.949999999999996
15NSS_439,B,1,9,42,0.08,0.13,0.12,12.75,179.9,0.21000000000000002,12.54,14.346092503987242,59.7142857142857
15NSS_440,B,2,13,42,0.08,0.12,0.311,60.25,742.62,0.2,60.05,12.366694421315572,300.24999999999994
15NSS_441,B,3,28,42,0.08,0.13,0.105,11.27,156.72,0.21000000000000002,11.059999999999999,14.169981916817362,52.66666666666666
15NSS_442,B,4,38,42,0.08,0.13,0.119,11.66,160.93,0.21000000000000002,11.45,14.055021834061137,54.52380952380952
15NSS_443,B,5,58,42,0.08,0.13,0.149,17.13,211.02,0.21000000000000002,16.919999999999998,12.471631205673761,80.57142857142856
15NSS_444,B,6,70,42,0.08,0.13,0.051,5.27,64.02,0.21000000000000002,5.06,12.652173913043478,24.09523809523809
15NSS_445,C,1,10,42,0.08,0.13,0.109,10.58,155.03,0.21000000000000002,10.37,14.949855351976858,49.38095238095237
15NSS_446,C,2,15,42,0.08,0.12,0.062,5.07,76.13,0.2,4.87,15.632443531827514,24.349999999999998
15NSS_447,C,3,32,42,0.08,0.13,0.161,24.15,309.86,0.21000000000000002,23.939999999999998,12.943191311612367,113.99999999999997
15NSS_448,C,4,40,42,0.08,0.13,0.066,5.66,83.17,0.21000000000000002,5.45,15.260550458715596,25.95238095238095
15NSS_449,C,5,55,42,0.08,0.12,0.084,5.65,85.46,0.2,5.45,15.680733944954127,27.25
15NSS_450,C,6,64,42,0.08,0.13,0.184,6.14,81.93,0.21000000000000002,5.93,13.816188870151773,28.238095238095234
15NSS_451,D,1,6,42,0.08,0.13,0.063,5.86,89,0.21000000000000002,5.65,15.75221238938053,26.904761904761905
15NSS_452,D,2,22,42,0.08,0.12,0.068,5.27,84.95,0.2,5.069999999999999,16.755424063116372,25.349999999999994
15NSS_453,D,3,26,42,0.08,0.12,0.038,3.3,48.75,0.2,3.0999999999999996,15.725806451612906,15.499999999999998
15NSS_454,D,4,43,42,0.08,0.12,0.058,4.58,65.85,0.2,4.38,15.034246575342465,21.9
15NSS_455,D,5,56,42,0.09,0.13,0.106,11.53,139.28,0.22,11.309999999999999,12.31476569407604,51.40909090909091
15NSS_456,D,6,62,42,0.08,0.13,0.087,9.22,126.05,0.21000000000000002,9.01,13.990011098779135,42.9047619047619
15NSS_457,E,1,2,42,0.08,0.12,0.072,7.93,108.55,0.2,7.7299999999999995,14.042690815006468,38.65
15NSS_458,E,2,17,42,0.08,0.13,0.061,5.86,85.82,0.21000000000000002,5.65,15.18938053097345,26.904761904761905
15NSS_459,E,3,35,42,0.08,0.12,0.031,1.83,29.27,0.2,1.6300000000000001,17.957055214723926,8.15
15NSS_460,E,4,41,42,0.08,0.13,0.056,4.09,72.44,0.21000000000000002,3.88,18.670103092783506,18.476190476190474
15NSS_461,E,5,57,42,0.08,0.12,0.065,6.43,82.81,0.2,6.2299999999999995,13.292134831460675,31.149999999999995
15NSS_462,E,6,71,42,0.08,0.13,0.064,6.62,90.75,0.21000000000000002,6.41,14.157566302652105,30.523809523809522
15NSS_463,F,1,1,42,0.08,0.13,0.08,7.44,113.47,0.21000000000000002,7.23,15.69432918395574,34.42857142857143
15NSS_464,F,2,14,42,0.08,0.12,0.103,10.29,127.58,0.2,10.09,12.644202180376611,50.449999999999996
15NSS_465,F,3,27,42,0.08,0.13,0.063,5.07,80.84,0.21000000000000002,4.86,16.633744855967077,23.142857142857142
15NSS_466,F,4,44,42,0.08,0.12,0.037,2.91,50.13,0.2,2.71,18.498154981549817,13.549999999999999
15NSS_467,F,5,54,42,0.08,0.12,0.043,3.92,49.1,0.2,3.7199999999999998,13.198924731182798,18.599999999999998
15NSS_468,F,6,63,42,0.08,0.13,0.063,5.46,81.93,0.21000000000000002,5.25,15.605714285714287,24.999999999999996
15NSS_469,G,1,7,42,0.08,0.13,0.064,5.37,76.14,0.21000000000000002,5.16,14.755813953488373,24.57142857142857
15NSS_470,G,2,23,42,0.08,0.12,0.059,4.58,71.07,0.2,4.38,16.22602739726027,21.9
15NSS_471,G,3,31,42,0.08,0.13,0.073,6.75,90.49,0.21000000000000002,6.54,13.836391437308867,31.14285714285714
15NSS_472,G,4,39,42,0.08,0.12,0.087,6.84,103.32,0.2,6.64,15.56024096385542,33.199999999999996
15NSS_473,G,5,51,42,0.08,0.13,0.053,4.5,54.49,0.21000000000000002,4.29,12.701631701631703,20.428571428571427
15NSS_474,G,6,61,42,0.08,0.13,0.073,5.75,75.75,0.21000000000000002,5.54,13.673285198555957,26.38095238095238
15NSS_475,H,1,8,42,0.08,0.13,0.15,16.29,223.83,0.21000000000000002,16.08,13.919776119402988,76.57142857142856
15NSS_476,H,2,19,42,0.08,0.13,0.129,11.27,169.03,0.21000000000000002,11.059999999999999,15.283001808318266,52.66666666666666
15NSS_477,H,3,29,42,0.08,0.13,0.088,6.55,103.86,0.21000000000000002,6.34,16.381703470031546,30.190476190476186
15NSS_478,H,4,47,42,0.08,0.13,0.085,6.45,94.9,0.21000000000000002,6.24,15.208333333333334,29.71428571428571
15NSS_479,H,5,59,42,0.08,0.12,0.079,5.94,89.87,0.2,5.74,15.656794425087108,28.7
15NSS_480,H,6,65,42,0.08,0.13,0.102,7,112.81,0.21000000000000002,6.79,16.61413843888071,32.33333333333333
15NSS_481,I,1,3,42,0.08,0.13,0.076,7.73,106.52,0.21000000000000002,7.5200000000000005,14.164893617021276,35.80952380952381
15NSS_482,I,2,20,42,0.08,0.13,0.089,10.48,147.31,0.21000000000000002,10.27,14.343719571567673,48.9047619047619
15NSS_483,I,3,25,42,0.08,0.13,0.088,8.03,115.48,0.21000000000000002,7.819999999999999,14.767263427109976,37.238095238095234
15NSS_484,I,4,48,42,0.08,0.13,0.063,4.98,68.7,0.21000000000000002,4.7700000000000005,14.40251572327044,22.714285714285715
15NSS_485,I,5,50,42,0.08,0.12,0.059,4.79,68.89,0.2,4.59,15.008714596949892,22.95
15NSS_486,I,6,72,42,0.08,0.13,0.064,5.65,69.57,0.21000000000000002,5.44,12.78860294117647,25.904761904761905
15NSS_487,J,1,12,42,0.08,0.13,0.079,7.04,101.42,0.21000000000000002,6.83,14.849194729136164,32.52380952380952
15NSS_488,J,2,18,42,0.08,0.12,0.05,4.88,66.39,0.2,4.68,14.185897435897436,23.4
15NSS_489,J,3,36,42,0.08,0.12,0.064,3.99,64.54,0.2,3.79,17.02902374670185,18.95
15NSS_490,J,4,46,42,0.08,0.13,0.067,7.34,107.63,0.21000000000000002,7.13,15.095371669004207,33.95238095238095
15NSS_491,J,5,60,42,0.08,0.12,0.084,6.62,78.4,0.2,6.42,12.211838006230531,32.099999999999994
15NSS_492,J,6,69,42,0.08,0.13,0.067,6.52,81.05,0.21000000000000002,6.31,12.844690966719494,30.047619047619044
15NSS_493,K,1,5,42,0.08,0.13,0.069,6.06,89.1,0.21000000000000002,5.85,15.23076923076923,27.857142857142854
15NSS_494,K,2,21,42,0.08,0.13,0.094,9.8,123.48,0.21000000000000002,9.59,12.875912408759124,45.666666666666664
15NSS_495,K,3,33,42,0.08,0.12,0.069,6.06,85.69,0.2,5.859999999999999,14.622866894197953,29.299999999999997
15NSS_496,K,4,37,42,0.08,0.12,0.046,3.11,46.01,0.2,2.9099999999999997,15.810996563573884,14.549999999999997
15NSS_497,K,5,52,42,0.08,0.12,0.065,6.71,79.28,0.2,6.51,12.178187403993856,32.55
15NSS_498,K,6,66,42,0.08,0.13,0.066,6.23,89.87,0.21000000000000002,6.0200000000000005,14.928571428571429,28.666666666666668
15NSS_499,L,1,4,42,0.08,0.13,0.086,8.32,116.91,0.21000000000000002,8.11,14.41553637484587,38.61904761904761
15NSS_500,L,2,16,42,0.08,0.13,0.05,3.7,60.72,0.21000000000000002,3.49,17.398280802292263,16.619047619047617
15NSS_501,L,3,34,42,0.08,0.12,0.042,3.21,51.76,0.2,3.01,17.196013289036546,15.049999999999999
15NSS_502,L,4,45,42,0.08,0.13,0.065,5.17,79.05,0.21000000000000002,4.96,15.9375,23.619047619047617
15NSS_503,L,5,49,42,0.08,0.13,0.025,1.34,23.06,0.21000000000000002,1.1300000000000001,20.407079646017696,5.380952380952381
15NSS_504,L,6,67,42,0.08,0.12,0.051,4.3,62.96,0.2,4.1,15.356097560975611,20.499999999999996
15NSS_505,A,1,11,48,0.09,0.11,0.117,15.2,203.7,0.2,15,13.58,75
15NSS_506,A,2,24,48,0.09,0.11,0.039,3.92,60.06,0.2,3.7199999999999998,16.145161290322584,18.599999999999998
15NSS_507,A,3,30,48,0.09,0.1,0.056,3.34,70.86,0.19,3.15,22.495238095238097,16.57894736842105
15NSS_508,A,4,42,48,0.09,0.1,0.068,6.33,90.86,0.19,6.14,14.798045602605864,32.315789473684205
15NSS_509,A,5,53,48,0.09,0.11,0.064,5.22,76.9,0.2,5.02,15.318725099601597,25.099999999999998
15NSS_510,A,6,68,48,0.09,0.11,0.055,4.83,68.09,0.2,4.63,14.706263498920087,23.15
15NSS_511,B,1,9,48,0.09,0.11,0.163,16.64,229.32,0.2,16.44,13.948905109489049,82.2
15NSS_512,B,2,13,48,0.09,0.1,0.346,72.08,921.08,0.19,71.89,12.812352204757268,378.36842105263156
15NSS_513,B,3,28,48,0.09,0.11,0.135,15.01,201.87,0.2,14.81,13.63065496286293,74.05
15NSS_514,B,4,38,48,0.09,0.11,0.209,33.52,408.57,0.2,33.32,12.262004801920767,166.6
15NSS_515,B,5,58,48,0.09,0.1,0.162,17.22,222,0.19,17.029999999999998,13.035819142689373,89.63157894736841
15NSS_516,B,6,70,48,0.09,0.12,0.102,12.83,180.99,0.21,12.62,14.341521394611728,60.095238095238095
15NSS_517,C,1,10,48,0.09,0.11,0.1,10.19,148.41,0.2,9.99,14.855855855855856,49.949999999999996
15NSS_518,C,2,15,48,0.09,0.1,0.053,4.59,81.3,0.19,4.3999999999999995,18.47727272727273,23.157894736842103
15NSS_519,C,3,32,48,0.09,0.1,0.197,29.47,408.57,0.19,29.279999999999998,13.953893442622952,154.1052631578947
15NSS_520,C,4,40,48,0.09,0.1,0.063,5.65,88.88,0.19,5.46,16.278388278388277,28.736842105263158
15NSS_521,C,5,55,48,0.09,0.11,0.049,4.05,65.51,0.2,3.8499999999999996,17.015584415584417,19.249999999999996
15NSS_522,C,6,64,48,0.09,0.11,0.035,2.97,41.64,0.2,2.77,15.032490974729242,13.85
15NSS_523,D,1,6,48,0.09,0.11,0.089,9.32,133.39,0.2,9.120000000000001,14.626096491228067,45.6
15NSS_524,D,2,22,48,0.09,0.1,0.037,2.86,51.55,0.19,2.67,19.307116104868914,14.052631578947368
15NSS_525,D,3,26,48,0.09,0.11,0.027,2.18,31.74,0.2,1.9800000000000002,16.030303030303028,9.9
15NSS_526,D,4,43,48,0.09,0.1,0.044,3.85,48.28,0.19,3.66,13.191256830601093,19.263157894736842
15NSS_527,D,5,56,48,0.09,0.11,0.124,13.8,177.03,0.2,13.600000000000001,13.016911764705881,68
15NSS_528,D,6,62,48,0.09,0.12,0.083,9.31,133.45,0.21,9.1,14.664835164835164,43.333333333333336
15NSS_529,E,1,2,48,0.09,0.1,0.1,10.38,133.18,0.19,10.190000000000001,13.069676153091265,53.631578947368425
15NSS_530,E,2,17,48,0.09,0.1,0.104,5.27,81.15,0.19,5.079999999999999,15.974409448818902,26.736842105263154
15NSS_531,E,3,35,48,0.09,0.1,0.047,4.01,62.24,0.19,3.82,16.29319371727749,20.105263157894736
15NSS_532,E,4,41,48,0.09,0.11,0.054,2.67,46,0.2,2.4699999999999998,18.62348178137652,12.349999999999998
15NSS_533,E,5,57,48,0.09,0.1,0.056,4.44,63.93,0.19,4.25,15.042352941176471,22.36842105263158
15NSS_534,E,6,71,48,0.09,0.12,0.048,4.73,72.34,0.21,4.5200000000000005,16.00442477876106,21.523809523809526
15NSS_535,F,1,1,48,0.09,0.11,0.059,5.85,83.44,0.2,5.6499999999999995,14.768141592920355,28.249999999999996
15NSS_536,F,2,14,48,0.09,0.1,0.216,31.2,403.21,0.19,31.009999999999998,13.00257981296356,163.21052631578945
15NSS_537,F,3,27,48,0.09,0.11,0.067,6.04,88.88,0.2,5.84,15.21917808219178,29.2
15NSS_538,F,4,44,48,0.09,0.1,0.025,2,30.65,0.19,1.81,16.933701657458563,9.526315789473685
15NSS_539,F,5,54,48,0.09,0.11,0.028,2.09,25.3,0.2,1.89,13.386243386243388,9.45
15NSS_540,F,6,63,48,0.09,0.11,0.047,3.26,62.44,0.2,3.0599999999999996,20.405228758169937,15.299999999999997
15NSS_541,G,1,7,48,0.09,0.11,0.049,4.21,59.56,0.2,4.01,14.852867830423941,20.049999999999997
15NSS_542,G,2,23,48,0.09,0.1,0.027,2.18,37.18,0.19,1.9900000000000002,18.683417085427134,10.473684210526317
15NSS_543,G,3,31,48,0.09,0.1,0.054,4.3,63.93,0.19,4.109999999999999,15.554744525547447,21.631578947368418
15NSS_544,G,4,39,48,0.09,0.11,0.056,3.34,61.25,0.2,3.1399999999999997,19.506369426751593,15.699999999999998
15NSS_545,G,5,51,48,0.09,0.12,0.046,3.75,58.48,0.21,3.54,16.519774011299432,16.857142857142858
15NSS_546,G,6,61,48,0.09,0.11,0.054,4.83,69.77,0.2,4.63,15.069114470842331,23.15
15NSS_547,H,1,8,48,0.09,0.11,0.131,10.76,162.36,0.2,10.56,15.375,52.8
15NSS_548,H,2,19,48,0.09,0.11,0.109,9.03,145.34,0.2,8.83,16.459796149490373,44.15
15NSS_549,H,3,29,48,0.09,0.11,0.08,5.75,95.82,0.2,5.55,17.264864864864865,27.749999999999996
15NSS_550,H,4,47,48,0.09,0.11,0.052,3.85,57.39,0.2,3.65,15.723287671232876,18.25
15NSS_551,H,5,59,48,0.09,0.1,0.071,4.83,80.86,0.19,4.64,17.426724137931036,24.421052631578945
15NSS_552,H,6,65,48,0.09,0.11,0.069,4.05,71.35,0.2,3.8499999999999996,18.532467532467532,19.249999999999996
15NSS_553,I,1,3,48,NA,NA,NA,0,NA,NA,0,NA,NA
15NSS_554,I,2,20,48,0.09,0.1,0.057,4.88,75.61,0.19,4.6899999999999995,16.121535181236677,24.684210526315788
15NSS_555,I,3,25,48,0.09,0.11,0.046,4.01,62.34,0.2,3.8099999999999996,16.36220472440945,19.049999999999997
15NSS_556,I,4,48,48,0.09,0.11,0.03,2.58,48.28,0.2,2.38,20.28571428571429,11.899999999999999
15NSS_557,I,5,50,48,0.09,0.12,0.039,3.17,49.66,0.21,2.96,16.777027027027025,14.095238095238095
15NSS_558,I,6,72,48,0.09,0.12,0.051,5.02,65.61,0.21,4.81,13.640332640332641,22.904761904761905
15NSS_559,J,1,12,48,0.09,0.11,0.07,7.49,102.67,0.2,7.29,14.083676268861455,36.449999999999996
15NSS_560,J,2,18,48,0.09,0.1,0.066,6.81,92.91,0.19,6.619999999999999,14.03474320241692,34.84210526315789
15NSS_561,J,3,36,48,0.09,0.1,0.04,3.34,54.71,0.19,3.15,17.36825396825397,16.57894736842105
15NSS_562,J,4,46,48,0.09,0.11,0.041,4.34,50.16,0.2,4.14,12.115942028985508,20.699999999999996
15NSS_563,J,5,60,48,0.09,0.1,0.065,6.68,97.8,0.19,6.489999999999999,15.0693374422188,34.1578947368421
15NSS_564,J,6,69,48,0.09,0.12,0.076,6.19,80.27,0.21,5.98,13.423076923076922,28.476190476190478
15NSS_565,K,1,5,48,0.09,0.11,0.05,4.11,67.07,0.2,3.91,17.153452685421993,19.55
15NSS_566,K,2,21,48,NA,0.11,NA,12.11,162.17,NA,0,NA,NA
15NSS_567,K,3,33,48,0.1,0.1,0.055,4.5,59.67,0.2,4.3,13.876744186046512,21.499999999999996
15NSS_568,K,4,37,48,0.09,0.1,0.023,1.99,22.82,0.19,1.8,12.677777777777777,9.473684210526315
15NSS_569,K,5,52,48,0.09,0.12,0.08,7.75,104.73,0.21,7.54,13.889920424403183,35.904761904761905
15NSS_570,K,6,66,48,0.09,0.11,0.035,2.39,28.37,0.2,2.19,12.954337899543379,10.95
15NSS_571,L,1,4,48,0.09,0.11,0.075,6.81,100.66,0.2,6.609999999999999,15.228441754916794,33.05
15NSS_572,L,2,16,48,0.09,0.1,0.041,2.86,44.23,0.19,2.67,16.56554307116105,14.052631578947368
15NSS_573,L,3,34,48,0.09,0.1,0.045,3.92,62.24,0.19,3.73,16.68632707774799,19.63157894736842
15NSS_574,L,4,45,48,0.09,0.11,0.066,6.49,94.83,0.2,6.29,15.07631160572337,31.45
15NSS_575,L,5,49,48,0.09,0.12,0.027,2.09,27.58,0.21,1.88,14.670212765957446,8.952380952380953
15NSS_576,L,6,67,48,0.09,0.11,0.046,4.14,56.79,0.2,3.9399999999999995,14.413705583756347,19.699999999999996
